Driver,LapNumber,LapTime,Compound,Stint,TyreLife,IsAccurate,LapTimeSeconds
VER,2.0,0 days 00:01:37.974000,SOFT,1.0,5.0,True,97.974
VER,3.0,0 days 00:01:38.006000,SOFT,1.0,6.0,True,98.006
VER,4.0,0 days 00:01:37.976000,SOFT,1.0,7.0,True,97.976
VER,5.0,0 days 00:01:38.035000,SOFT,1.0,8.0,True,98.035
VER,6.0,0 days 00:01:37.986000,SOFT,1.0,9.0,True,97.986
VER,7.0,0 days 00:01:38.021000,SOFT,1.0,10.0,True,98.021
VER,8.0,0 days 00:01:38.154000,SOFT,1.0,11.0,True,98.154
VER,9.0,0 days 00:01:38.278000,SOFT,1.0,12.0,True,98.278
VER,10.0,0 days 00:01:38.369000,SOFT,1.0,13.0,True,98.369
VER,11.0,0 days 00:01:38.483000,SOFT,1.0,14.0,True,98.483
VER,12.0,0 days 00:01:38.591000,SOFT,1.0,15.0,True,98.591
VER,13.0,0 days 00:01:38.482000,SOFT,1.0,16.0,True,98.482
VER,16.0,0 days 00:01:37.801000,SOFT,2.0,2.0,True,97.801
VER,17.0,0 days 00:01:37.648000,SOFT,2.0,3.0,True,97.648
VER,18.0,0 days 00:01:37.614000,SOFT,2.0,4.0,True,97.614
VER,19.0,0 days 00:01:37.712000,SOFT,2.0,5.0,True,97.712
VER,20.0,0 days 00:01:37.788000,SOFT,2.0,6.0,True,97.788
VER,21.0,0 days 00:01:37.582000,SOFT,2.0,7.0,True,97.582
VER,22.0,0 days 00:01:37.651000,SOFT,2.0,8.0,True,97.651
VER,23.0,0 days 00:01:37.552000,SOFT,2.0,9.0,True,97.552
VER,24.0,0 days 00:01:37.387000,SOFT,2.0,10.0,True,97.387
VER,25.0,0 days 00:01:37.372000,SOFT,2.0,11.0,True,97.372
VER,26.0,0 days 00:01:37.682000,SOFT,2.0,12.0,True,97.682
VER,27.0,0 days 00:01:37.379000,SOFT,2.0,13.0,True,97.379
VER,28.0,0 days 00:01:37.651000,SOFT,2.0,14.0,True,97.651
VER,29.0,0 days 00:01:37.571000,SOFT,2.0,15.0,True,97.571
VER,30.0,0 days 00:01:37.549000,SOFT,2.0,16.0,True,97.549
VER,31.0,0 days 00:01:37.431000,SOFT,2.0,17.0,True,97.431
VER,32.0,0 days 00:01:37.691000,SOFT,2.0,18.0,True,97.691
VER,33.0,0 days 00:01:37.686000,SOFT,2.0,19.0,True,97.686
VER,34.0,0 days 00:01:37.839000,SOFT,2.0,20.0,True,97.839
VER,35.0,0 days 00:01:37.850000,SOFT,2.0,21.0,True,97.85
VER,38.0,0 days 00:01:36.297000,HARD,3.0,2.0,True,96.297
VER,39.0,0 days 00:01:36.446000,HARD,3.0,3.0,True,96.446
VER,40.0,0 days 00:01:36.942000,HARD,3.0,4.0,True,96.942
VER,43.0,0 days 00:01:36.890000,HARD,3.0,7.0,True,96.89
VER,44.0,0 days 00:01:36.236000,HARD,3.0,8.0,True,96.236
VER,45.0,0 days 00:01:37.015000,HARD,3.0,9.0,True,97.015
VER,46.0,0 days 00:01:36.701000,HARD,3.0,10.0,True,96.701
VER,47.0,0 days 00:01:37.009000,HARD,3.0,11.0,True,97.009
VER,48.0,0 days 00:01:36.918000,HARD,3.0,12.0,True,96.918
VER,49.0,0 days 00:01:36.962000,HARD,3.0,13.0,True,96.962
VER,50.0,0 days 00:01:37.250000,HARD,3.0,14.0,True,97.25
VER,51.0,0 days 00:01:37.427000,HARD,3.0,15.0,True,97.427
VER,52.0,0 days 00:01:36.919000,HARD,3.0,16.0,True,96.919
VER,53.0,0 days 00:01:36.890000,HARD,3.0,17.0,True,96.89
VER,54.0,0 days 00:01:36.678000,HARD,3.0,18.0,True,96.678
VER,55.0,0 days 00:01:36.322000,HARD,3.0,19.0,True,96.322
VER,56.0,0 days 00:01:37.205000,HARD,3.0,20.0,True,97.205
VER,57.0,0 days 00:01:36.373000,HARD,3.0,21.0,True,96.373
GAS,2.0,0 days 00:01:40.438000,SOFT,1.0,2.0,True,100.438
GAS,3.0,0 days 00:01:40.643000,SOFT,1.0,3.0,True,100.643
GAS,4.0,0 days 00:01:40.894000,SOFT,1.0,4.0,True,100.894
GAS,5.0,0 days 00:01:40.818000,SOFT,1.0,5.0,True,100.818
GAS,6.0,0 days 00:01:41.110000,SOFT,1.0,6.0,True,101.11
GAS,7.0,0 days 00:01:41.134000,SOFT,1.0,7.0,True,101.134
GAS,8.0,0 days 00:01:41.173000,SOFT,1.0,8.0,True,101.173
GAS,11.0,0 days 00:01:38.762000,HARD,2.0,2.0,True,98.762
GAS,12.0,0 days 00:01:38.928000,HARD,2.0,3.0,True,98.928
GAS,13.0,0 days 00:01:39.349000,HARD,2.0,4.0,True,99.349
GAS,14.0,0 days 00:01:38.859000,HARD,2.0,5.0,True,98.859
GAS,15.0,0 days 00:01:38.985000,HARD,2.0,6.0,True,98.985
GAS,16.0,0 days 00:01:38.945000,HARD,2.0,7.0,True,98.945
GAS,17.0,0 days 00:01:39.011000,HARD,2.0,8.0,True,99.011
GAS,18.0,0 days 00:01:39.029000,HARD,2.0,9.0,True,99.029
GAS,19.0,0 days 00:01:39.066000,HARD,2.0,10.0,True,99.066
GAS,20.0,0 days 00:01:39.017000,HARD,2.0,11.0,True,99.017
GAS,21.0,0 days 00:01:39.327000,HARD,2.0,12.0,True,99.327
GAS,22.0,0 days 00:01:39.485000,HARD,2.0,13.0,True,99.485
GAS,23.0,0 days 00:01:39.263000,HARD,2.0,14.0,True,99.263
GAS,24.0,0 days 00:01:39.761000,HARD,2.0,15.0,True,99.761
GAS,27.0,0 days 00:01:38.729000,HARD,3.0,2.0,True,98.729
GAS,28.0,0 days 00:01:37.761000,HARD,3.0,3.0,True,97.761
GAS,29.0,0 days 00:01:38.012000,HARD,3.0,4.0,True,98.012
GAS,30.0,0 days 00:01:37.760000,HARD,3.0,5.0,True,97.76
GAS,31.0,0 days 00:01:37.968000,HARD,3.0,6.0,True,97.968
GAS,32.0,0 days 00:01:38.012000,HARD,3.0,7.0,True,98.012
GAS,33.0,0 days 00:01:37.974000,HARD,3.0,8.0,True,97.974
GAS,34.0,0 days 00:01:38.022000,HARD,3.0,9.0,True,98.022
GAS,35.0,0 days 00:01:38.088000,HARD,3.0,10.0,True,98.088
GAS,36.0,0 days 00:01:38.184000,HARD,3.0,11.0,True,98.184
GAS,37.0,0 days 00:01:38.133000,HARD,3.0,12.0,True,98.133
GAS,38.0,0 days 00:01:38.108000,HARD,3.0,13.0,True,98.108
GAS,39.0,0 days 00:01:38.537000,HARD,3.0,14.0,True,98.537
GAS,42.0,0 days 00:01:35.068000,SOFT,4.0,2.0,True,95.068
GAS,43.0,0 days 00:01:35.942000,SOFT,4.0,3.0,True,95.942
GAS,44.0,0 days 00:01:35.792000,SOFT,4.0,4.0,True,95.792
GAS,45.0,0 days 00:01:36.186000,SOFT,4.0,5.0,True,96.186
GAS,46.0,0 days 00:01:36.041000,SOFT,4.0,6.0,True,96.041
GAS,47.0,0 days 00:01:36.120000,SOFT,4.0,7.0,True,96.12
GAS,48.0,0 days 00:01:36.368000,SOFT,4.0,8.0,True,96.368
GAS,49.0,0 days 00:01:36.803000,SOFT,4.0,9.0,True,96.803
GAS,50.0,0 days 00:01:36.551000,SOFT,4.0,10.0,True,96.551
GAS,51.0,0 days 00:01:36.635000,SOFT,4.0,11.0,True,96.635
GAS,52.0,0 days 00:01:36.891000,SOFT,4.0,12.0,True,96.891
GAS,53.0,0 days 00:01:36.979000,SOFT,4.0,13.0,True,96.979
GAS,54.0,0 days 00:01:37.222000,SOFT,4.0,14.0,True,97.222
GAS,55.0,0 days 00:01:37.559000,SOFT,4.0,15.0,True,97.559
GAS,56.0,0 days 00:01:37.845000,SOFT,4.0,16.0,True,97.845
GAS,57.0,0 days 00:01:38.147000,SOFT,4.0,17.0,True,98.147
PER,2.0,0 days 00:01:38.862000,SOFT,1.0,5.0,True,98.862
PER,3.0,0 days 00:01:38.830000,SOFT,1.0,6.0,True,98.83
PER,4.0,0 days 00:01:38.758000,SOFT,1.0,7.0,True,98.758
PER,5.0,0 days 00:01:38.404000,SOFT,1.0,8.0,True,98.404
PER,6.0,0 days 00:01:38.718000,SOFT,1.0,9.0,True,98.718
PER,7.0,0 days 00:01:38.804000,SOFT,1.0,10.0,True,98.804
PER,8.0,0 days 00:01:39.172000,SOFT,1.0,11.0,True,99.172
PER,9.0,0 days 00:01:38.914000,SOFT,1.0,12.0,True,98.914
PER,10.0,0 days 00:01:39.085000,SOFT,1.0,13.0,True,99.085
PER,11.0,0 days 00:01:39.249000,SOFT,1.0,14.0,True,99.249
PER,12.0,0 days 00:01:39.197000,SOFT,1.0,15.0,True,99.197
PER,13.0,0 days 00:01:39.336000,SOFT,1.0,16.0,True,99.336
PER,14.0,0 days 00:01:38.739000,SOFT,1.0,17.0,True,98.739
PER,15.0,0 days 00:01:38.608000,SOFT,1.0,18.0,True,98.608
PER,16.0,0 days 00:01:38.770000,SOFT,1.0,19.0,True,98.77
PER,19.0,0 days 00:01:37.659000,SOFT,2.0,4.0,True,97.659
PER,20.0,0 days 00:01:37.448000,SOFT,2.0,5.0,True,97.448
PER,21.0,0 days 00:01:37.240000,SOFT,2.0,6.0,True,97.24
PER,22.0,0 days 00:01:37.169000,SOFT,2.0,7.0,True,97.169
PER,23.0,0 days 00:01:37.304000,SOFT,2.0,8.0,True,97.304
PER,24.0,0 days 00:01:37.352000,SOFT,2.0,9.0,True,97.352
PER,25.0,0 days 00:01:38.418000,SOFT,2.0,10.0,True,98.418
PER,26.0,0 days 00:01:37.454000,SOFT,2.0,11.0,True,97.454
PER,27.0,0 days 00:01:37.387000,SOFT,2.0,12.0,True,97.387
PER,28.0,0 days 00:01:37.211000,SOFT,2.0,13.0,True,97.211
PER,29.0,0 days 00:01:37.733000,SOFT,2.0,14.0,True,97.733
PER,30.0,0 days 00:01:37.400000,SOFT,2.0,15.0,True,97.4
PER,31.0,0 days 00:01:37.919000,SOFT,2.0,16.0,True,97.919
PER,32.0,0 days 00:01:37.722000,SOFT,2.0,17.0,True,97.722
PER,33.0,0 days 00:01:37.869000,SOFT,2.0,18.0,True,97.869
PER,36.0,0 days 00:01:36.820000,HARD,3.0,2.0,True,96.82
PER,37.0,0 days 00:01:36.344000,HARD,3.0,3.0,True,96.344
PER,38.0,0 days 00:01:36.431000,HARD,3.0,4.0,True,96.431
PER,39.0,0 days 00:01:36.429000,HARD,3.0,5.0,True,96.429
PER,40.0,0 days 00:01:37.114000,HARD,3.0,6.0,True,97.114
PER,43.0,0 days 00:01:36.554000,HARD,3.0,9.0,True,96.554
PER,44.0,0 days 00:01:36.978000,HARD,3.0,10.0,True,96.978
PER,45.0,0 days 00:01:36.928000,HARD,3.0,11.0,True,96.928
PER,46.0,0 days 00:01:37.257000,HARD,3.0,12.0,True,97.257
PER,47.0,0 days 00:01:36.661000,HARD,3.0,13.0,True,96.661
PER,48.0,0 days 00:01:36.859000,HARD,3.0,14.0,True,96.859
PER,49.0,0 days 00:01:37.049000,HARD,3.0,15.0,True,97.049
PER,50.0,0 days 00:01:37.731000,HARD,3.0,16.0,True,97.731
PER,51.0,0 days 00:01:37.049000,HARD,3.0,17.0,True,97.049
PER,52.0,0 days 00:01:37.062000,HARD,3.0,18.0,True,97.062
PER,53.0,0 days 00:01:37.345000,HARD,3.0,19.0,True,97.345
PER,54.0,0 days 00:01:37.296000,HARD,3.0,20.0,True,97.296
PER,55.0,0 days 00:01:37.092000,HARD,3.0,21.0,True,97.092
PER,56.0,0 days 00:01:36.565000,HARD,3.0,22.0,True,96.565
PER,57.0,0 days 00:01:36.558000,HARD,3.0,23.0,True,96.558
ALO,2.0,0 days 00:01:39.792000,SOFT,1.0,5.0,True,99.792
ALO,3.0,0 days 00:01:39.100000,SOFT,1.0,6.0,True,99.1
ALO,4.0,0 days 00:01:39.548000,SOFT,1.0,7.0,True,99.548
ALO,5.0,0 days 00:01:39.662000,SOFT,1.0,8.0,True,99.662
ALO,6.0,0 days 00:01:39.674000,SOFT,1.0,9.0,True,99.674
ALO,7.0,0 days 00:01:39.729000,SOFT,1.0,10.0,True,99.729
ALO,8.0,0 days 00:01:39.959000,SOFT,1.0,11.0,True,99.959
ALO,9.0,0 days 00:01:40.275000,SOFT,1.0,12.0,True,100.275
ALO,10.0,0 days 00:01:40.203000,SOFT,1.0,13.0,True,100.203
ALO,11.0,0 days 00:01:41.147000,SOFT,1.0,14.0,True,101.147
ALO,12.0,0 days 00:01:40.934000,SOFT,1.0,15.0,True,100.934
ALO,13.0,0 days 00:01:40.341000,SOFT,1.0,16.0,True,100.341
ALO,16.0,0 days 00:01:37.542000,HARD,2.0,2.0,True,97.542
ALO,17.0,0 days 00:01:38.139000,HARD,2.0,3.0,True,98.139
ALO,18.0,0 days 00:01:38.124000,HARD,2.0,4.0,True,98.124
ALO,19.0,0 days 00:01:38.361000,HARD,2.0,5.0,True,98.361
ALO,20.0,0 days 00:01:38.318000,HARD,2.0,6.0,True,98.318
ALO,21.0,0 days 00:01:38.407000,HARD,2.0,7.0,True,98.407
ALO,22.0,0 days 00:01:38.200000,HARD,2.0,8.0,True,98.2
ALO,23.0,0 days 00:01:37.853000,HARD,2.0,9.0,True,97.853
ALO,24.0,0 days 00:01:37.878000,HARD,2.0,10.0,True,97.878
ALO,25.0,0 days 00:01:38.139000,HARD,2.0,11.0,True,98.139
ALO,26.0,0 days 00:01:38.127000,HARD,2.0,12.0,True,98.127
ALO,27.0,0 days 00:01:38.612000,HARD,2.0,13.0,True,98.612
ALO,28.0,0 days 00:01:38.199000,HARD,2.0,14.0,True,98.199
ALO,29.0,0 days 00:01:38.585000,HARD,2.0,15.0,True,98.585
ALO,30.0,0 days 00:01:38.282000,HARD,2.0,16.0,True,98.282
ALO,31.0,0 days 00:01:38.009000,HARD,2.0,17.0,True,98.009
ALO,32.0,0 days 00:01:37.871000,HARD,2.0,18.0,True,97.871
ALO,33.0,0 days 00:01:37.769000,HARD,2.0,19.0,True,97.769
ALO,36.0,0 days 00:01:36.156000,HARD,3.0,2.0,True,96.156
ALO,37.0,0 days 00:01:37.431000,HARD,3.0,3.0,True,97.431
ALO,38.0,0 days 00:01:37.002000,HARD,3.0,4.0,True,97.002
ALO,39.0,0 days 00:01:37.243000,HARD,3.0,5.0,True,97.243
ALO,40.0,0 days 00:01:37.208000,HARD,3.0,6.0,True,97.208
ALO,42.0,0 days 00:01:36.334000,HARD,3.0,8.0,True,96.334
ALO,43.0,0 days 00:01:36.911000,HARD,3.0,9.0,True,96.911
ALO,44.0,0 days 00:01:37.022000,HARD,3.0,10.0,True,97.022
ALO,45.0,0 days 00:01:37.931000,HARD,3.0,11.0,True,97.931
ALO,46.0,0 days 00:01:37.087000,HARD,3.0,12.0,True,97.087
ALO,47.0,0 days 00:01:37.326000,HARD,3.0,13.0,True,97.326
ALO,48.0,0 days 00:01:36.783000,HARD,3.0,14.0,True,96.783
ALO,49.0,0 days 00:01:36.726000,HARD,3.0,15.0,True,96.726
ALO,50.0,0 days 00:01:36.331000,HARD,3.0,16.0,True,96.331
ALO,51.0,0 days 00:01:36.960000,HARD,3.0,17.0,True,96.96
ALO,52.0,0 days 00:01:37.010000,HARD,3.0,18.0,True,97.01
ALO,53.0,0 days 00:01:37.010000,HARD,3.0,19.0,True,97.01
ALO,54.0,0 days 00:01:37.599000,HARD,3.0,20.0,True,97.599
ALO,55.0,0 days 00:01:37.662000,HARD,3.0,21.0,True,97.662
ALO,56.0,0 days 00:01:37.473000,HARD,3.0,22.0,True,97.473
ALO,57.0,0 days 00:01:37.422000,HARD,3.0,23.0,True,97.422
LEC,2.0,0 days 00:01:38.750000,SOFT,1.0,2.0,True,98.75
LEC,3.0,0 days 00:01:38.658000,SOFT,1.0,3.0,True,98.658
LEC,4.0,0 days 00:01:38.825000,SOFT,1.0,4.0,True,98.825
LEC,5.0,0 days 00:01:38.664000,SOFT,1.0,5.0,True,98.664
LEC,6.0,0 days 00:01:38.572000,SOFT,1.0,6.0,True,98.572
LEC,7.0,0 days 00:01:38.691000,SOFT,1.0,7.0,True,98.691
LEC,8.0,0 days 00:01:38.614000,SOFT,1.0,8.0,True,98.614
LEC,9.0,0 days 00:01:38.828000,SOFT,1.0,9.0,True,98.828
LEC,10.0,0 days 00:01:39.073000,SOFT,1.0,10.0,True,99.073
LEC,11.0,0 days 00:01:39.212000,SOFT,1.0,11.0,True,99.212
LEC,12.0,0 days 00:01:39.489000,SOFT,1.0,12.0,True,99.489
LEC,15.0,0 days 00:01:38.477000,HARD,2.0,2.0,True,98.477
LEC,16.0,0 days 00:01:37.953000,HARD,2.0,3.0,True,97.953
LEC,17.0,0 days 00:01:38.031000,HARD,2.0,4.0,True,98.031
LEC,18.0,0 days 00:01:37.798000,HARD,2.0,5.0,True,97.798
LEC,19.0,0 days 00:01:37.858000,HARD,2.0,6.0,True,97.858
LEC,20.0,0 days 00:01:37.631000,HARD,2.0,7.0,True,97.631
LEC,21.0,0 days 00:01:37.753000,HARD,2.0,8.0,True,97.753
LEC,22.0,0 days 00:01:38.162000,HARD,2.0,9.0,True,98.162
LEC,23.0,0 days 00:01:38.054000,HARD,2.0,10.0,True,98.054
LEC,24.0,0 days 00:01:37.972000,HARD,2.0,11.0,True,97.972
LEC,25.0,0 days 00:01:38.541000,HARD,2.0,12.0,True,98.541
LEC,26.0,0 days 00:01:39.668000,HARD,2.0,13.0,True,99.668
LEC,27.0,0 days 00:01:38.814000,HARD,2.0,14.0,True,98.814
LEC,28.0,0 days 00:01:38.618000,HARD,2.0,15.0,True,98.618
LEC,29.0,0 days 00:01:38.447000,HARD,2.0,16.0,True,98.447
LEC,30.0,0 days 00:01:38.390000,HARD,2.0,17.0,True,98.39
LEC,31.0,0 days 00:01:38.746000,HARD,2.0,18.0,True,98.746
LEC,32.0,0 days 00:01:38.948000,HARD,2.0,19.0,True,98.948
LEC,35.0,0 days 00:01:38.073000,HARD,3.0,2.0,True,98.073
LEC,36.0,0 days 00:01:37.313000,HARD,3.0,3.0,True,97.313
LEC,37.0,0 days 00:01:37.170000,HARD,3.0,4.0,True,97.17
LEC,38.0,0 days 00:01:37.170000,HARD,3.0,5.0,True,97.17
LEC,39.0,0 days 00:01:37.287000,HARD,3.0,6.0,True,97.287
STR,2.0,0 days 00:01:39.892000,SOFT,1.0,5.0,True,99.892
STR,3.0,0 days 00:01:39.625000,SOFT,1.0,6.0,True,99.625
STR,4.0,0 days 00:01:39.745000,SOFT,1.0,7.0,True,99.745
STR,5.0,0 days 00:01:39.144000,SOFT,1.0,8.0,True,99.144
STR,6.0,0 days 00:01:39.714000,SOFT,1.0,9.0,True,99.714
STR,7.0,0 days 00:01:39.945000,SOFT,1.0,10.0,True,99.945
STR,8.0,0 days 00:01:39.801000,SOFT,1.0,11.0,True,99.801
STR,9.0,0 days 00:01:40.106000,SOFT,1.0,12.0,True,100.106
STR,10.0,0 days 00:01:40.192000,SOFT,1.0,13.0,True,100.192
STR,11.0,0 days 00:01:40.923000,SOFT,1.0,14.0,True,100.923
STR,12.0,0 days 00:01:41.039000,SOFT,1.0,15.0,True,101.039
STR,13.0,0 days 00:01:41.120000,SOFT,1.0,16.0,True,101.12
STR,14.0,0 days 00:01:40.002000,SOFT,1.0,17.0,True,100.002
STR,17.0,0 days 00:01:37.507000,HARD,2.0,2.0,True,97.507
STR,18.0,0 days 00:01:38.127000,HARD,2.0,3.0,True,98.127
STR,19.0,0 days 00:01:38.587000,HARD,2.0,4.0,True,98.587
STR,20.0,0 days 00:01:38.038000,HARD,2.0,5.0,True,98.038
STR,21.0,0 days 00:01:38.273000,HARD,2.0,6.0,True,98.273
STR,22.0,0 days 00:01:38.730000,HARD,2.0,7.0,True,98.73
STR,23.0,0 days 00:01:38.295000,HARD,2.0,8.0,True,98.295
STR,24.0,0 days 00:01:38.478000,HARD,2.0,9.0,True,98.478
STR,25.0,0 days 00:01:38.250000,HARD,2.0,10.0,True,98.25
STR,26.0,0 days 00:01:38.482000,HARD,2.0,11.0,True,98.482
STR,27.0,0 days 00:01:39.021000,HARD,2.0,12.0,True,99.021
STR,28.0,0 days 00:01:38.723000,HARD,2.0,13.0,True,98.723
STR,29.0,0 days 00:01:38.710000,HARD,2.0,14.0,True,98.71
STR,32.0,0 days 00:01:36.546000,HARD,3.0,2.0,True,96.546
STR,33.0,0 days 00:01:37.210000,HARD,3.0,3.0,True,97.21
STR,34.0,0 days 00:01:37.168000,HARD,3.0,4.0,True,97.168
STR,35.0,0 days 00:01:37.521000,HARD,3.0,5.0,True,97.521
STR,36.0,0 days 00:01:37.720000,HARD,3.0,6.0,True,97.72
STR,37.0,0 days 00:01:37.680000,HARD,3.0,7.0,True,97.68
STR,38.0,0 days 00:01:37.274000,HARD,3.0,8.0,True,97.274
STR,39.0,0 days 00:01:37.456000,HARD,3.0,9.0,True,97.456
STR,42.0,0 days 00:01:37.298000,HARD,3.0,12.0,True,97.298
STR,43.0,0 days 00:01:37.304000,HARD,3.0,13.0,True,97.304
STR,44.0,0 days 00:01:37.299000,HARD,3.0,14.0,True,97.299
STR,45.0,0 days 00:01:37.222000,HARD,3.0,15.0,True,97.222
STR,46.0,0 days 00:01:37.562000,HARD,3.0,16.0,True,97.562
STR,47.0,0 days 00:01:37.257000,HARD,3.0,17.0,True,97.257
STR,48.0,0 days 00:01:37.448000,HARD,3.0,18.0,True,97.448
STR,49.0,0 days 00:01:37.551000,HARD,3.0,19.0,True,97.551
STR,50.0,0 days 00:01:37.388000,HARD,3.0,20.0,True,97.388
STR,51.0,0 days 00:01:37.866000,HARD,3.0,21.0,True,97.866
STR,52.0,0 days 00:01:37.579000,HARD,3.0,22.0,True,97.579
STR,53.0,0 days 00:01:38.379000,HARD,3.0,23.0,True,98.379
STR,54.0,0 days 00:01:37.597000,HARD,3.0,24.0,True,97.597
STR,55.0,0 days 00:01:37.701000,HARD,3.0,25.0,True,97.701
STR,56.0,0 days 00:01:38.110000,HARD,3.0,26.0,True,98.11
STR,57.0,0 days 00:01:37.991000,HARD,3.0,27.0,True,97.991
SAR,2.0,0 days 00:01:40.467000,SOFT,1.0,2.0,True,100.467
SAR,3.0,0 days 00:01:40.349000,SOFT,1.0,3.0,True,100.349
SAR,4.0,0 days 00:01:40.644000,SOFT,1.0,4.0,True,100.644
SAR,5.0,0 days 00:01:40.902000,SOFT,1.0,5.0,True,100.902
SAR,6.0,0 days 00:01:40.791000,SOFT,1.0,6.0,True,100.791
SAR,7.0,0 days 00:01:40.892000,SOFT,1.0,7.0,True,100.892
SAR,8.0,0 days 00:01:40.868000,SOFT,1.0,8.0,True,100.868
SAR,9.0,0 days 00:01:40.908000,SOFT,1.0,9.0,True,100.908
SAR,10.0,0 days 00:01:41.133000,SOFT,1.0,10.0,True,101.133
SAR,11.0,0 days 00:01:41.532000,SOFT,1.0,11.0,True,101.532
SAR,14.0,0 days 00:01:38.413000,SOFT,2.0,2.0,True,98.413
SAR,15.0,0 days 00:01:39.033000,SOFT,2.0,3.0,True,99.033
SAR,16.0,0 days 00:01:38.988000,SOFT,2.0,4.0,True,98.988
SAR,17.0,0 days 00:01:39.439000,SOFT,2.0,5.0,True,99.439
SAR,18.0,0 days 00:01:39.399000,SOFT,2.0,6.0,True,99.399
SAR,19.0,0 days 00:01:39.220000,SOFT,2.0,7.0,True,99.22
SAR,20.0,0 days 00:01:39.186000,SOFT,2.0,8.0,True,99.186
SAR,21.0,0 days 00:01:39.612000,SOFT,2.0,9.0,True,99.612
SAR,22.0,0 days 00:01:39.362000,SOFT,2.0,10.0,True,99.362
SAR,23.0,0 days 00:01:39.692000,SOFT,2.0,11.0,True,99.692
SAR,24.0,0 days 00:01:39.872000,SOFT,2.0,12.0,True,99.872
SAR,25.0,0 days 00:01:39.834000,SOFT,2.0,13.0,True,99.834
SAR,26.0,0 days 00:01:40.006000,SOFT,2.0,14.0,True,100.006
SAR,27.0,0 days 00:01:39.602000,SOFT,2.0,15.0,True,99.602
SAR,28.0,0 days 00:01:39.620000,SOFT,2.0,16.0,True,99.62
SAR,29.0,0 days 00:01:39.673000,SOFT,2.0,17.0,True,99.673
SAR,32.0,0 days 00:01:37.613000,HARD,3.0,2.0,True,97.613
SAR,33.0,0 days 00:01:37.862000,HARD,3.0,3.0,True,97.862
SAR,34.0,0 days 00:01:37.902000,HARD,3.0,4.0,True,97.902
SAR,35.0,0 days 00:01:38.029000,HARD,3.0,5.0,True,98.029
SAR,36.0,0 days 00:01:37.717000,HARD,3.0,6.0,True,97.717
SAR,37.0,0 days 00:01:37.831000,HARD,3.0,7.0,True,97.831
SAR,38.0,0 days 00:01:38.015000,HARD,3.0,8.0,True,98.015
SAR,39.0,0 days 00:01:37.971000,HARD,3.0,9.0,True,97.971
SAR,42.0,0 days 00:01:36.037000,SOFT,4.0,2.0,True,96.037
SAR,43.0,0 days 00:01:36.801000,SOFT,4.0,3.0,True,96.801
SAR,44.0,0 days 00:01:37.407000,SOFT,4.0,4.0,True,97.407
SAR,45.0,0 days 00:01:37.462000,SOFT,4.0,5.0,True,97.462
SAR,46.0,0 days 00:01:38.441000,SOFT,4.0,6.0,True,98.441
SAR,47.0,0 days 00:01:37.227000,SOFT,4.0,7.0,True,97.227
SAR,48.0,0 days 00:01:37.068000,SOFT,4.0,8.0,True,97.068
SAR,49.0,0 days 00:01:37.225000,SOFT,4.0,9.0,True,97.225
SAR,50.0,0 days 00:01:37.290000,SOFT,4.0,10.0,True,97.29
SAR,51.0,0 days 00:01:37.472000,SOFT,4.0,11.0,True,97.472
SAR,52.0,0 days 00:01:37.456000,SOFT,4.0,12.0,True,97.456
SAR,53.0,0 days 00:01:37.662000,SOFT,4.0,13.0,True,97.662
SAR,54.0,0 days 00:01:37.936000,SOFT,4.0,14.0,True,97.936
SAR,55.0,0 days 00:01:38.316000,SOFT,4.0,15.0,True,98.316
SAR,56.0,0 days 00:01:39.626000,SOFT,4.0,16.0,True,99.626
MAG,2.0,0 days 00:01:41.521000,HARD,1.0,2.0,True,101.521
MAG,3.0,0 days 00:01:41.978000,HARD,1.0,3.0,True,101.978
MAG,4.0,0 days 00:01:40.773000,HARD,1.0,4.0,True,100.773
MAG,5.0,0 days 00:01:41.340000,HARD,1.0,5.0,True,101.34
MAG,6.0,0 days 00:01:41.125000,HARD,1.0,6.0,True,101.125
MAG,7.0,0 days 00:01:41.526000,HARD,1.0,7.0,True,101.526
MAG,8.0,0 days 00:01:41.283000,HARD,1.0,8.0,True,101.283
MAG,9.0,0 days 00:01:41.278000,HARD,1.0,9.0,True,101.278
MAG,10.0,0 days 00:01:41.719000,HARD,1.0,10.0,True,101.719
MAG,11.0,0 days 00:01:42.049000,HARD,1.0,11.0,True,102.049
MAG,12.0,0 days 00:01:41.345000,HARD,1.0,12.0,True,101.345
MAG,13.0,0 days 00:01:41.654000,HARD,1.0,13.0,True,101.654
MAG,14.0,0 days 00:01:41.739000,HARD,1.0,14.0,True,101.739
MAG,17.0,0 days 00:01:38.319000,HARD,2.0,2.0,True,98.319
MAG,18.0,0 days 00:01:38.274000,HARD,2.0,3.0,True,98.274
MAG,19.0,0 days 00:01:38.803000,HARD,2.0,4.0,True,98.803
MAG,20.0,0 days 00:01:39.083000,HARD,2.0,5.0,True,99.083
MAG,21.0,0 days 00:01:39.086000,HARD,2.0,6.0,True,99.086
MAG,22.0,0 days 00:01:38.913000,HARD,2.0,7.0,True,98.913
MAG,23.0,0 days 00:01:39.027000,HARD,2.0,8.0,True,99.027
MAG,24.0,0 days 00:01:38.947000,HARD,2.0,9.0,True,98.947
MAG,25.0,0 days 00:01:39.476000,HARD,2.0,10.0,True,99.476
MAG,26.0,0 days 00:01:39.601000,HARD,2.0,11.0,True,99.601
MAG,27.0,0 days 00:01:39.298000,HARD,2.0,12.0,True,99.298
MAG,28.0,0 days 00:01:39.316000,HARD,2.0,13.0,True,99.316
MAG,31.0,0 days 00:01:38.593000,SOFT,3.0,2.0,True,98.593
MAG,32.0,0 days 00:01:37.644000,SOFT,3.0,3.0,True,97.644
MAG,33.0,0 days 00:01:37.097000,SOFT,3.0,4.0,True,97.097
MAG,34.0,0 days 00:01:37.528000,SOFT,3.0,5.0,True,97.528
MAG,35.0,0 days 00:01:37.460000,SOFT,3.0,6.0,True,97.46
MAG,36.0,0 days 00:01:37.754000,SOFT,3.0,7.0,True,97.754
MAG,37.0,0 days 00:01:37.998000,SOFT,3.0,8.0,True,97.998
MAG,38.0,0 days 00:01:38.303000,SOFT,3.0,9.0,True,98.303
MAG,39.0,0 days 00:01:38.587000,SOFT,3.0,10.0,True,98.587
MAG,42.0,0 days 00:01:36.471000,SOFT,4.0,2.0,True,96.471
MAG,43.0,0 days 00:01:36.942000,SOFT,4.0,3.0,True,96.942
MAG,44.0,0 days 00:01:36.588000,SOFT,4.0,4.0,True,96.588
MAG,45.0,0 days 00:01:37.126000,SOFT,4.0,5.0,True,97.126
MAG,46.0,0 days 00:01:37.589000,SOFT,4.0,6.0,True,97.589
MAG,47.0,0 days 00:01:37.629000,SOFT,4.0,7.0,True,97.629
MAG,48.0,0 days 00:01:37.607000,SOFT,4.0,8.0,True,97.607
MAG,49.0,0 days 00:01:37.739000,SOFT,4.0,9.0,True,97.739
MAG,50.0,0 days 00:01:38.315000,SOFT,4.0,10.0,True,98.315
MAG,51.0,0 days 00:01:38.157000,SOFT,4.0,11.0,True,98.157
MAG,52.0,0 days 00:01:37.963000,SOFT,4.0,12.0,True,97.963
MAG,53.0,0 days 00:01:37.982000,SOFT,4.0,13.0,True,97.982
MAG,54.0,0 days 00:01:39.651000,SOFT,4.0,14.0,True,99.651
MAG,55.0,0 days 00:01:38.446000,SOFT,4.0,15.0,True,98.446
MAG,56.0,0 days 00:01:38.779000,SOFT,4.0,16.0,True,98.779
DEV,2.0,0 days 00:01:41.289000,SOFT,1.0,2.0,True,101.289
DEV,3.0,0 days 00:01:40.914000,SOFT,1.0,3.0,True,100.914
DEV,4.0,0 days 00:01:40.373000,SOFT,1.0,4.0,True,100.373
DEV,5.0,0 days 00:01:40.630000,SOFT,1.0,5.0,True,100.63
DEV,6.0,0 days 00:01:41.125000,SOFT,1.0,6.0,True,101.125
DEV,7.0,0 days 00:01:41.166000,SOFT,1.0,7.0,True,101.166
DEV,8.0,0 days 00:01:41.230000,SOFT,1.0,8.0,True,101.23
DEV,9.0,0 days 00:01:41.573000,SOFT,1.0,9.0,True,101.573
DEV,10.0,0 days 00:01:41.666000,SOFT,1.0,10.0,True,101.666
DEV,13.0,0 days 00:01:38.924000,HARD,2.0,2.0,True,98.924
DEV,14.0,0 days 00:01:38.829000,HARD,2.0,3.0,True,98.829
DEV,15.0,0 days 00:01:38.868000,HARD,2.0,4.0,True,98.868
DEV,16.0,0 days 00:01:39.127000,HARD,2.0,5.0,True,99.127
DEV,17.0,0 days 00:01:38.996000,HARD,2.0,6.0,True,98.996
DEV,18.0,0 days 00:01:39.054000,HARD,2.0,7.0,True,99.054
DEV,19.0,0 days 00:01:39.078000,HARD,2.0,8.0,True,99.078
DEV,20.0,0 days 00:01:39.182000,HARD,2.0,9.0,True,99.182
DEV,21.0,0 days 00:01:39.182000,HARD,2.0,10.0,True,99.182
DEV,22.0,0 days 00:01:39.296000,HARD,2.0,11.0,True,99.296
DEV,23.0,0 days 00:01:39.542000,HARD,2.0,12.0,True,99.542
DEV,24.0,0 days 00:01:39.807000,HARD,2.0,13.0,True,99.807
DEV,25.0,0 days 00:01:40.960000,HARD,2.0,14.0,True,100.96
DEV,26.0,0 days 00:01:39.970000,HARD,2.0,15.0,True,99.97
DEV,29.0,0 days 00:01:38.121000,HARD,3.0,2.0,True,98.121
DEV,30.0,0 days 00:01:37.709000,HARD,3.0,3.0,True,97.709
DEV,31.0,0 days 00:01:37.909000,HARD,3.0,4.0,True,97.909
DEV,32.0,0 days 00:01:37.902000,HARD,3.0,5.0,True,97.902
DEV,33.0,0 days 00:01:37.933000,HARD,3.0,6.0,True,97.933
DEV,34.0,0 days 00:01:38.266000,HARD,3.0,7.0,True,98.266
DEV,35.0,0 days 00:01:38.123000,HARD,3.0,8.0,True,98.123
DEV,36.0,0 days 00:01:38.206000,HARD,3.0,9.0,True,98.206
DEV,37.0,0 days 00:01:38.423000,HARD,3.0,10.0,True,98.423
DEV,38.0,0 days 00:01:38.379000,HARD,3.0,11.0,True,98.379
DEV,39.0,0 days 00:01:38.535000,HARD,3.0,12.0,True,98.535
DEV,42.0,0 days 00:01:39.873000,HARD,3.0,15.0,True,99.873
DEV,43.0,0 days 00:01:40.177000,HARD,3.0,16.0,True,100.177
DEV,44.0,0 days 00:01:39.588000,HARD,3.0,17.0,True,99.588
DEV,45.0,0 days 00:01:38.889000,HARD,3.0,18.0,True,98.889
DEV,46.0,0 days 00:01:38.871000,HARD,3.0,19.0,True,98.871
DEV,47.0,0 days 00:01:38.921000,HARD,3.0,20.0,True,98.921
DEV,48.0,0 days 00:01:40.441000,HARD,3.0,21.0,True,100.441
DEV,49.0,0 days 00:01:38.985000,HARD,3.0,22.0,True,98.985
DEV,50.0,0 days 00:01:39.089000,HARD,3.0,23.0,True,99.089
DEV,51.0,0 days 00:01:40.475000,HARD,3.0,24.0,True,100.475
DEV,52.0,0 days 00:01:40.330000,HARD,3.0,25.0,True,100.33
DEV,53.0,0 days 00:01:39.150000,HARD,3.0,26.0,True,99.15
DEV,54.0,0 days 00:01:38.885000,HARD,3.0,27.0,True,98.885
DEV,55.0,0 days 00:01:39.239000,HARD,3.0,28.0,True,99.239
DEV,56.0,0 days 00:01:39.161000,HARD,3.0,29.0,True,99.161
TSU,2.0,0 days 00:01:40.837000,SOFT,1.0,2.0,True,100.837
TSU,3.0,0 days 00:01:40.243000,SOFT,1.0,3.0,True,100.243
TSU,4.0,0 days 00:01:39.950000,SOFT,1.0,4.0,True,99.95
TSU,5.0,0 days 00:01:41.131000,SOFT,1.0,5.0,True,101.131
TSU,6.0,0 days 00:01:40.886000,SOFT,1.0,6.0,True,100.886
TSU,7.0,0 days 00:01:40.952000,SOFT,1.0,7.0,True,100.952
TSU,8.0,0 days 00:01:40.846000,SOFT,1.0,8.0,True,100.846
TSU,9.0,0 days 00:01:41.010000,SOFT,1.0,9.0,True,101.01
TSU,12.0,0 days 00:01:39.143000,HARD,2.0,2.0,True,99.143
TSU,13.0,0 days 00:01:39.471000,HARD,2.0,3.0,True,99.471
TSU,14.0,0 days 00:01:38.742000,HARD,2.0,4.0,True,98.742
TSU,15.0,0 days 00:01:38.975000,HARD,2.0,5.0,True,98.975
TSU,16.0,0 days 00:01:39.061000,HARD,2.0,6.0,True,99.061
TSU,17.0,0 days 00:01:39.021000,HARD,2.0,7.0,True,99.021
TSU,18.0,0 days 00:01:39.302000,HARD,2.0,8.0,True,99.302
TSU,19.0,0 days 00:01:39.170000,HARD,2.0,9.0,True,99.17
TSU,20.0,0 days 00:01:39.282000,HARD,2.0,10.0,True,99.282
TSU,21.0,0 days 00:01:39.325000,HARD,2.0,11.0,True,99.325
TSU,22.0,0 days 00:01:39.439000,HARD,2.0,12.0,True,99.439
TSU,23.0,0 days 00:01:39.632000,HARD,2.0,13.0,True,99.632
TSU,24.0,0 days 00:01:40.109000,HARD,2.0,14.0,True,100.109
TSU,25.0,0 days 00:01:39.746000,HARD,2.0,15.0,True,99.746
TSU,28.0,0 days 00:01:37.824000,HARD,3.0,2.0,True,97.824
TSU,29.0,0 days 00:01:37.779000,HARD,3.0,3.0,True,97.779
TSU,30.0,0 days 00:01:38.147000,HARD,3.0,4.0,True,98.147
TSU,31.0,0 days 00:01:37.813000,HARD,3.0,5.0,True,97.813
TSU,32.0,0 days 00:01:38.017000,HARD,3.0,6.0,True,98.017
TSU,33.0,0 days 00:01:38.094000,HARD,3.0,7.0,True,98.094
TSU,34.0,0 days 00:01:38.130000,HARD,3.0,8.0,True,98.13
TSU,35.0,0 days 00:01:38.163000,HARD,3.0,9.0,True,98.163
TSU,36.0,0 days 00:01:38.059000,HARD,3.0,10.0,True,98.059
TSU,37.0,0 days 00:01:38.075000,HARD,3.0,11.0,True,98.075
TSU,38.0,0 days 00:01:38.084000,HARD,3.0,12.0,True,98.084
TSU,39.0,0 days 00:01:38.419000,HARD,3.0,13.0,True,98.419
TSU,42.0,0 days 00:01:36.637000,SOFT,4.0,5.0,True,96.637
TSU,43.0,0 days 00:01:37.028000,SOFT,4.0,6.0,True,97.028
TSU,44.0,0 days 00:01:37.010000,SOFT,4.0,7.0,True,97.01
TSU,45.0,0 days 00:01:37.021000,SOFT,4.0,8.0,True,97.021
TSU,46.0,0 days 00:01:37.258000,SOFT,4.0,9.0,True,97.258
TSU,47.0,0 days 00:01:37.359000,SOFT,4.0,10.0,True,97.359
TSU,48.0,0 days 00:01:37.238000,SOFT,4.0,11.0,True,97.238
TSU,49.0,0 days 00:01:37.528000,SOFT,4.0,12.0,True,97.528
TSU,50.0,0 days 00:01:37.624000,SOFT,4.0,13.0,True,97.624
TSU,51.0,0 days 00:01:37.706000,SOFT,4.0,14.0,True,97.706
TSU,52.0,0 days 00:01:37.590000,SOFT,4.0,15.0,True,97.59
TSU,53.0,0 days 00:01:37.675000,SOFT,4.0,16.0,True,97.675
TSU,54.0,0 days 00:01:37.720000,SOFT,4.0,17.0,True,97.72
TSU,55.0,0 days 00:01:37.945000,SOFT,4.0,18.0,True,97.945
TSU,56.0,0 days 00:01:38.102000,SOFT,4.0,19.0,True,98.102
TSU,57.0,0 days 00:01:38.246000,SOFT,4.0,20.0,True,98.246
ALB,2.0,0 days 00:01:40.430000,SOFT,1.0,2.0,True,100.43
ALB,3.0,0 days 00:01:40.143000,SOFT,1.0,3.0,True,100.143
ALB,4.0,0 days 00:01:39.761000,SOFT,1.0,4.0,True,99.761
ALB,5.0,0 days 00:01:40.606000,SOFT,1.0,5.0,True,100.606
ALB,6.0,0 days 00:01:40.744000,SOFT,1.0,6.0,True,100.744
ALB,7.0,0 days 00:01:40.646000,SOFT,1.0,7.0,True,100.646
ALB,8.0,0 days 00:01:40.918000,SOFT,1.0,8.0,True,100.918
ALB,9.0,0 days 00:01:40.969000,SOFT,1.0,9.0,True,100.969
ALB,10.0,0 days 00:01:41.119000,SOFT,1.0,10.0,True,101.119
ALB,13.0,0 days 00:01:38.649000,SOFT,2.0,2.0,True,98.649
ALB,14.0,0 days 00:01:38.472000,SOFT,2.0,3.0,True,98.472
ALB,15.0,0 days 00:01:39.158000,SOFT,2.0,4.0,True,99.158
ALB,16.0,0 days 00:01:39.253000,SOFT,2.0,5.0,True,99.253
ALB,17.0,0 days 00:01:39.094000,SOFT,2.0,6.0,True,99.094
ALB,18.0,0 days 00:01:39.049000,SOFT,2.0,7.0,True,99.049
ALB,19.0,0 days 00:01:39.272000,SOFT,2.0,8.0,True,99.272
ALB,20.0,0 days 00:01:39.299000,SOFT,2.0,9.0,True,99.299
ALB,21.0,0 days 00:01:39.591000,SOFT,2.0,10.0,True,99.591
ALB,22.0,0 days 00:01:39.588000,SOFT,2.0,11.0,True,99.588
ALB,23.0,0 days 00:01:39.802000,SOFT,2.0,12.0,True,99.802
ALB,24.0,0 days 00:01:39.890000,SOFT,2.0,13.0,True,99.89
ALB,25.0,0 days 00:01:39.832000,SOFT,2.0,14.0,True,99.832
ALB,28.0,0 days 00:01:37.503000,HARD,3.0,2.0,True,97.503
ALB,29.0,0 days 00:01:38.127000,HARD,3.0,3.0,True,98.127
ALB,30.0,0 days 00:01:37.931000,HARD,3.0,4.0,True,97.931
ALB,31.0,0 days 00:01:38.104000,HARD,3.0,5.0,True,98.104
ALB,32.0,0 days 00:01:37.919000,HARD,3.0,6.0,True,97.919
ALB,33.0,0 days 00:01:38.104000,HARD,3.0,7.0,True,98.104
ALB,34.0,0 days 00:01:37.961000,HARD,3.0,8.0,True,97.961
ALB,35.0,0 days 00:01:37.984000,HARD,3.0,9.0,True,97.984
ALB,36.0,0 days 00:01:38.176000,HARD,3.0,10.0,True,98.176
ALB,37.0,0 days 00:01:38.038000,HARD,3.0,11.0,True,98.038
ALB,38.0,0 days 00:01:38.330000,HARD,3.0,12.0,True,98.33
ALB,39.0,0 days 00:01:38.346000,HARD,3.0,13.0,True,98.346
ALB,42.0,0 days 00:01:37.211000,SOFT,4.0,2.0,True,97.211
ALB,43.0,0 days 00:01:37.144000,SOFT,4.0,3.0,True,97.144
ALB,44.0,0 days 00:01:37.327000,SOFT,4.0,4.0,True,97.327
ALB,45.0,0 days 00:01:37.503000,SOFT,4.0,5.0,True,97.503
ALB,46.0,0 days 00:01:37.577000,SOFT,4.0,6.0,True,97.577
ALB,47.0,0 days 00:01:37.545000,SOFT,4.0,7.0,True,97.545
ALB,48.0,0 days 00:01:37.684000,SOFT,4.0,8.0,True,97.684
ALB,49.0,0 days 00:01:37.609000,SOFT,4.0,9.0,True,97.609
ALB,50.0,0 days 00:01:37.695000,SOFT,4.0,10.0,True,97.695
ALB,51.0,0 days 00:01:37.727000,SOFT,4.0,11.0,True,97.727
ALB,52.0,0 days 00:01:37.861000,SOFT,4.0,12.0,True,97.861
ALB,53.0,0 days 00:01:37.778000,SOFT,4.0,13.0,True,97.778
ALB,54.0,0 days 00:01:37.780000,SOFT,4.0,14.0,True,97.78
ALB,55.0,0 days 00:01:37.803000,SOFT,4.0,15.0,True,97.803
ALB,56.0,0 days 00:01:38.159000,SOFT,4.0,16.0,True,98.159
ALB,57.0,0 days 00:01:38.137000,SOFT,4.0,17.0,True,98.137
ZHO,2.0,0 days 00:01:41.091000,SOFT,1.0,2.0,True,101.091
ZHO,3.0,0 days 00:01:40.596000,SOFT,1.0,3.0,True,100.596
ZHO,4.0,0 days 00:01:40.853000,SOFT,1.0,4.0,True,100.853
ZHO,5.0,0 days 00:01:40.814000,SOFT,1.0,5.0,True,100.814
ZHO,6.0,0 days 00:01:41.156000,SOFT,1.0,6.0,True,101.156
ZHO,7.0,0 days 00:01:41.197000,SOFT,1.0,7.0,True,101.197
ZHO,8.0,0 days 00:01:41.184000,SOFT,1.0,8.0,True,101.184
ZHO,9.0,0 days 00:01:41.526000,SOFT,1.0,9.0,True,101.526
ZHO,10.0,0 days 00:01:41.743000,SOFT,1.0,10.0,True,101.743
ZHO,11.0,0 days 00:01:42.108000,SOFT,1.0,11.0,True,102.108
ZHO,14.0,0 days 00:01:39.330000,HARD,2.0,2.0,True,99.33
ZHO,15.0,0 days 00:01:39.229000,HARD,2.0,3.0,True,99.229
ZHO,16.0,0 days 00:01:38.998000,HARD,2.0,4.0,True,98.998
ZHO,17.0,0 days 00:01:39.143000,HARD,2.0,5.0,True,99.143
ZHO,18.0,0 days 00:01:38.873000,HARD,2.0,6.0,True,98.873
ZHO,19.0,0 days 00:01:38.794000,HARD,2.0,7.0,True,98.794
ZHO,20.0,0 days 00:01:38.896000,HARD,2.0,8.0,True,98.896
ZHO,21.0,0 days 00:01:38.888000,HARD,2.0,9.0,True,98.888
ZHO,22.0,0 days 00:01:39.115000,HARD,2.0,10.0,True,99.115
ZHO,23.0,0 days 00:01:39.462000,HARD,2.0,11.0,True,99.462
ZHO,24.0,0 days 00:01:39.503000,HARD,2.0,12.0,True,99.503
ZHO,25.0,0 days 00:01:39.066000,HARD,2.0,13.0,True,99.066
ZHO,26.0,0 days 00:01:39.427000,HARD,2.0,14.0,True,99.427
ZHO,27.0,0 days 00:01:39.235000,HARD,2.0,15.0,True,99.235
ZHO,28.0,0 days 00:01:39.412000,HARD,2.0,16.0,True,99.412
ZHO,29.0,0 days 00:01:39.361000,HARD,2.0,17.0,True,99.361
ZHO,30.0,0 days 00:01:39.382000,HARD,2.0,18.0,True,99.382
ZHO,31.0,0 days 00:01:39.670000,HARD,2.0,19.0,True,99.67
ZHO,34.0,0 days 00:01:37.037000,SOFT,3.0,5.0,True,97.037
ZHO,35.0,0 days 00:01:37.550000,SOFT,3.0,6.0,True,97.55
ZHO,36.0,0 days 00:01:37.957000,SOFT,3.0,7.0,True,97.957
ZHO,37.0,0 days 00:01:38.003000,SOFT,3.0,8.0,True,98.003
ZHO,38.0,0 days 00:01:38.422000,SOFT,3.0,9.0,True,98.422
ZHO,39.0,0 days 00:01:38.368000,SOFT,3.0,10.0,True,98.368
ZHO,42.0,0 days 00:01:39.904000,SOFT,3.0,13.0,True,99.904
ZHO,43.0,0 days 00:01:38.311000,SOFT,3.0,14.0,True,98.311
ZHO,44.0,0 days 00:01:37.974000,SOFT,3.0,15.0,True,97.974
ZHO,45.0,0 days 00:01:37.950000,SOFT,3.0,16.0,True,97.95
ZHO,46.0,0 days 00:01:38.336000,SOFT,3.0,17.0,True,98.336
ZHO,47.0,0 days 00:01:39.553000,SOFT,3.0,18.0,True,99.553
ZHO,48.0,0 days 00:01:38.596000,SOFT,3.0,19.0,True,98.596
ZHO,49.0,0 days 00:01:38.628000,SOFT,3.0,20.0,True,98.628
ZHO,50.0,0 days 00:01:39.893000,SOFT,3.0,21.0,True,99.893
ZHO,51.0,0 days 00:01:38.719000,SOFT,3.0,22.0,True,98.719
ZHO,52.0,0 days 00:01:38.713000,SOFT,3.0,23.0,True,98.713
ZHO,53.0,0 days 00:01:38.634000,SOFT,3.0,24.0,True,98.634
ZHO,56.0,0 days 00:01:33.996000,SOFT,4.0,5.0,True,93.996
HUL,2.0,0 days 00:01:40.720000,SOFT,1.0,5.0,True,100.72
HUL,3.0,0 days 00:01:40.484000,SOFT,1.0,6.0,True,100.484
HUL,4.0,0 days 00:01:41.004000,SOFT,1.0,7.0,True,101.004
HUL,5.0,0 days 00:01:41.002000,SOFT,1.0,8.0,True,101.002
HUL,6.0,0 days 00:01:41.002000,SOFT,1.0,9.0,True,101.002
HUL,7.0,0 days 00:01:41.148000,SOFT,1.0,10.0,True,101.148
HUL,8.0,0 days 00:01:41.249000,SOFT,1.0,11.0,True,101.249
HUL,9.0,0 days 00:01:41.615000,SOFT,1.0,12.0,True,101.615
HUL,10.0,0 days 00:01:42.252000,SOFT,1.0,13.0,True,102.252
HUL,13.0,0 days 00:01:39.406000,HARD,2.0,2.0,True,99.406
HUL,14.0,0 days 00:01:38.847000,HARD,2.0,3.0,True,98.847
HUL,15.0,0 days 00:01:38.972000,HARD,2.0,4.0,True,98.972
HUL,16.0,0 days 00:01:39.136000,HARD,2.0,5.0,True,99.136
HUL,17.0,0 days 00:01:39.396000,HARD,2.0,6.0,True,99.396
HUL,18.0,0 days 00:01:40.323000,HARD,2.0,7.0,True,100.323
HUL,19.0,0 days 00:01:39.633000,HARD,2.0,8.0,True,99.633
HUL,20.0,0 days 00:01:39.495000,HARD,2.0,9.0,True,99.495
HUL,21.0,0 days 00:01:39.703000,HARD,2.0,10.0,True,99.703
HUL,22.0,0 days 00:01:39.934000,HARD,2.0,11.0,True,99.934
HUL,23.0,0 days 00:01:39.866000,HARD,2.0,12.0,True,99.866
HUL,24.0,0 days 00:01:39.855000,HARD,2.0,13.0,True,99.855
HUL,25.0,0 days 00:01:40.295000,HARD,2.0,14.0,True,100.295
HUL,28.0,0 days 00:01:36.981000,HARD,3.0,2.0,True,96.981
HUL,29.0,0 days 00:01:37.398000,HARD,3.0,3.0,True,97.398
HUL,30.0,0 days 00:01:37.617000,HARD,3.0,4.0,True,97.617
HUL,31.0,0 days 00:01:37.891000,HARD,3.0,5.0,True,97.891
HUL,32.0,0 days 00:01:37.806000,HARD,3.0,6.0,True,97.806
HUL,33.0,0 days 00:01:37.761000,HARD,3.0,7.0,True,97.761
HUL,34.0,0 days 00:01:37.895000,HARD,3.0,8.0,True,97.895
HUL,35.0,0 days 00:01:38.093000,HARD,3.0,9.0,True,98.093
HUL,36.0,0 days 00:01:38.245000,HARD,3.0,10.0,True,98.245
HUL,37.0,0 days 00:01:38.108000,HARD,3.0,11.0,True,98.108
HUL,38.0,0 days 00:01:38.191000,HARD,3.0,12.0,True,98.191
HUL,39.0,0 days 00:01:38.184000,HARD,3.0,13.0,True,98.184
HUL,42.0,0 days 00:01:36.616000,SOFT,4.0,5.0,True,96.616
HUL,43.0,0 days 00:01:36.793000,SOFT,4.0,6.0,True,96.793
HUL,44.0,0 days 00:01:37.076000,SOFT,4.0,7.0,True,97.076
HUL,45.0,0 days 00:01:37.314000,SOFT,4.0,8.0,True,97.314
HUL,46.0,0 days 00:01:39.972000,SOFT,4.0,9.0,True,99.972
HUL,47.0,0 days 00:01:36.806000,SOFT,4.0,10.0,True,96.806
HUL,48.0,0 days 00:01:37.086000,SOFT,4.0,11.0,True,97.086
HUL,49.0,0 days 00:01:37.077000,SOFT,4.0,12.0,True,97.077
HUL,50.0,0 days 00:01:37.242000,SOFT,4.0,13.0,True,97.242
HUL,51.0,0 days 00:01:37.306000,SOFT,4.0,14.0,True,97.306
HUL,52.0,0 days 00:01:37.917000,SOFT,4.0,15.0,True,97.917
HUL,53.0,0 days 00:01:38.067000,SOFT,4.0,16.0,True,98.067
HUL,54.0,0 days 00:01:38.458000,SOFT,4.0,17.0,True,98.458
HUL,55.0,0 days 00:01:38.564000,SOFT,4.0,18.0,True,98.564
HUL,56.0,0 days 00:01:39.206000,SOFT,4.0,19.0,True,99.206
OCO,2.0,0 days 00:01:40.408000,SOFT,1.0,5.0,True,100.408
OCO,3.0,0 days 00:01:39.948000,SOFT,1.0,6.0,True,99.948
OCO,4.0,0 days 00:01:39.543000,SOFT,1.0,7.0,True,99.543
OCO,5.0,0 days 00:01:40.281000,SOFT,1.0,8.0,True,100.281
OCO,6.0,0 days 00:01:40.331000,SOFT,1.0,9.0,True,100.331
OCO,7.0,0 days 00:01:40.488000,SOFT,1.0,10.0,True,100.488
OCO,8.0,0 days 00:01:40.562000,SOFT,1.0,11.0,True,100.562
OCO,9.0,0 days 00:01:40.866000,SOFT,1.0,12.0,True,100.866
OCO,10.0,0 days 00:01:40.858000,SOFT,1.0,13.0,True,100.858
OCO,11.0,0 days 00:01:41.035000,SOFT,1.0,14.0,True,101.035
OCO,14.0,0 days 00:01:38.649000,HARD,2.0,2.0,True,98.649
OCO,17.0,0 days 00:01:38.780000,HARD,3.0,5.0,True,98.78
OCO,18.0,0 days 00:01:38.886000,HARD,3.0,6.0,True,98.886
OCO,19.0,0 days 00:01:38.817000,HARD,3.0,7.0,True,98.817
OCO,20.0,0 days 00:01:38.809000,HARD,3.0,8.0,True,98.809
OCO,21.0,0 days 00:01:38.976000,HARD,3.0,9.0,True,98.976
OCO,22.0,0 days 00:01:39.028000,HARD,3.0,10.0,True,99.028
OCO,23.0,0 days 00:01:40.052000,HARD,3.0,11.0,True,100.052
OCO,24.0,0 days 00:01:39.382000,HARD,3.0,12.0,True,99.382
OCO,25.0,0 days 00:01:39.435000,HARD,3.0,13.0,True,99.435
OCO,26.0,0 days 00:01:39.521000,HARD,3.0,14.0,True,99.521
OCO,27.0,0 days 00:01:39.594000,HARD,3.0,15.0,True,99.594
OCO,28.0,0 days 00:01:40.026000,HARD,3.0,16.0,True,100.026
OCO,29.0,0 days 00:01:41.181000,HARD,3.0,17.0,True,101.181
OCO,30.0,0 days 00:01:39.757000,HARD,3.0,18.0,True,99.757
OCO,31.0,0 days 00:01:39.748000,HARD,3.0,19.0,True,99.748
OCO,34.0,0 days 00:01:36.797000,HARD,4.0,2.0,True,96.797
OCO,35.0,0 days 00:01:36.964000,HARD,4.0,3.0,True,96.964
OCO,36.0,0 days 00:01:37.364000,HARD,4.0,4.0,True,97.364
OCO,37.0,0 days 00:01:37.338000,HARD,4.0,5.0,True,97.338
OCO,38.0,0 days 00:01:37.216000,HARD,4.0,6.0,True,97.216
OCO,39.0,0 days 00:01:37.523000,HARD,4.0,7.0,True,97.523
NOR,2.0,0 days 00:01:40.433000,SOFT,1.0,2.0,True,100.433
NOR,3.0,0 days 00:01:39.777000,SOFT,1.0,3.0,True,99.777
NOR,4.0,0 days 00:01:42.267000,SOFT,1.0,4.0,True,102.267
NOR,5.0,0 days 00:01:40.664000,SOFT,1.0,5.0,True,100.664
NOR,6.0,0 days 00:01:40.814000,SOFT,1.0,6.0,True,100.814
NOR,7.0,0 days 00:01:40.726000,SOFT,1.0,7.0,True,100.726
NOR,8.0,0 days 00:01:40.857000,SOFT,1.0,8.0,True,100.857
NOR,9.0,0 days 00:01:40.783000,SOFT,1.0,9.0,True,100.783
NOR,12.0,0 days 00:01:39.314000,HARD,2.0,2.0,True,99.314
NOR,13.0,0 days 00:01:39.510000,HARD,2.0,3.0,True,99.51
NOR,14.0,0 days 00:01:39.243000,HARD,2.0,4.0,True,99.243
NOR,15.0,0 days 00:01:38.870000,HARD,2.0,5.0,True,98.87
NOR,16.0,0 days 00:01:38.860000,HARD,2.0,6.0,True,98.86
NOR,19.0,0 days 00:01:37.966000,SOFT,3.0,5.0,True,97.966
NOR,20.0,0 days 00:01:38.345000,SOFT,3.0,6.0,True,98.345
NOR,21.0,0 days 00:01:38.297000,SOFT,3.0,7.0,True,98.297
NOR,22.0,0 days 00:01:38.908000,SOFT,3.0,8.0,True,98.908
NOR,23.0,0 days 00:01:38.291000,SOFT,3.0,9.0,True,98.291
NOR,24.0,0 days 00:01:38.696000,SOFT,3.0,10.0,True,98.696
NOR,25.0,0 days 00:01:38.447000,SOFT,3.0,11.0,True,98.447
NOR,26.0,0 days 00:01:38.440000,SOFT,3.0,12.0,True,98.44
NOR,29.0,0 days 00:01:37.260000,MEDIUM,4.0,2.0,True,97.26
NOR,30.0,0 days 00:01:37.605000,MEDIUM,4.0,3.0,True,97.605
NOR,31.0,0 days 00:01:37.768000,MEDIUM,4.0,4.0,True,97.768
NOR,32.0,0 days 00:01:38.111000,MEDIUM,4.0,5.0,True,98.111
NOR,33.0,0 days 00:01:37.520000,MEDIUM,4.0,6.0,True,97.52
NOR,34.0,0 days 00:01:37.987000,MEDIUM,4.0,7.0,True,97.987
NOR,35.0,0 days 00:01:37.870000,MEDIUM,4.0,8.0,True,97.87
NOR,36.0,0 days 00:01:39.886000,MEDIUM,4.0,9.0,True,99.886
NOR,39.0,0 days 00:01:38.347000,HARD,5.0,2.0,True,98.347
NOR,41.0,0 days 00:01:36.705000,HARD,5.0,4.0,True,96.705
NOR,42.0,0 days 00:01:36.668000,HARD,5.0,5.0,True,96.668
NOR,43.0,0 days 00:01:36.687000,HARD,5.0,6.0,True,96.687
NOR,44.0,0 days 00:01:37.219000,HARD,5.0,7.0,True,97.219
NOR,45.0,0 days 00:01:37.426000,HARD,5.0,8.0,True,97.426
NOR,46.0,0 days 00:01:37.656000,HARD,5.0,9.0,True,97.656
NOR,49.0,0 days 00:01:39.080000,SOFT,6.0,6.0,True,99.08
NOR,50.0,0 days 00:01:35.257000,SOFT,6.0,7.0,True,95.257
NOR,51.0,0 days 00:01:35.822000,SOFT,6.0,8.0,True,95.822
NOR,52.0,0 days 00:01:36.152000,SOFT,6.0,9.0,True,96.152
NOR,53.0,0 days 00:01:36.500000,SOFT,6.0,10.0,True,96.5
HAM,2.0,0 days 00:01:39.166000,SOFT,1.0,5.0,True,99.166
HAM,3.0,0 days 00:01:39.220000,SOFT,1.0,6.0,True,99.22
HAM,4.0,0 days 00:01:39.198000,SOFT,1.0,7.0,True,99.198
HAM,5.0,0 days 00:01:39.335000,SOFT,1.0,8.0,True,99.335
HAM,6.0,0 days 00:01:39.756000,SOFT,1.0,9.0,True,99.756
HAM,7.0,0 days 00:01:39.757000,SOFT,1.0,10.0,True,99.757
HAM,8.0,0 days 00:01:40.267000,SOFT,1.0,11.0,True,100.267
HAM,9.0,0 days 00:01:40.323000,SOFT,1.0,12.0,True,100.323
HAM,10.0,0 days 00:01:40.289000,SOFT,1.0,13.0,True,100.289
HAM,11.0,0 days 00:01:40.752000,SOFT,1.0,14.0,True,100.752
HAM,14.0,0 days 00:01:38.308000,HARD,2.0,2.0,True,98.308
HAM,15.0,0 days 00:01:38.527000,HARD,2.0,3.0,True,98.527
HAM,16.0,0 days 00:01:38.617000,HARD,2.0,4.0,True,98.617
HAM,17.0,0 days 00:01:38.704000,HARD,2.0,5.0,True,98.704
HAM,18.0,0 days 00:01:38.690000,HARD,2.0,6.0,True,98.69
HAM,19.0,0 days 00:01:38.684000,HARD,2.0,7.0,True,98.684
HAM,20.0,0 days 00:01:38.478000,HARD,2.0,8.0,True,98.478
HAM,21.0,0 days 00:01:38.581000,HARD,2.0,9.0,True,98.581
HAM,22.0,0 days 00:01:38.460000,HARD,2.0,10.0,True,98.46
HAM,23.0,0 days 00:01:38.384000,HARD,2.0,11.0,True,98.384
HAM,24.0,0 days 00:01:38.367000,HARD,2.0,12.0,True,98.367
HAM,25.0,0 days 00:01:38.290000,HARD,2.0,13.0,True,98.29
HAM,26.0,0 days 00:01:38.339000,HARD,2.0,14.0,True,98.339
HAM,27.0,0 days 00:01:38.369000,HARD,2.0,15.0,True,98.369
HAM,28.0,0 days 00:01:38.265000,HARD,2.0,16.0,True,98.265
HAM,29.0,0 days 00:01:38.380000,HARD,2.0,17.0,True,98.38
HAM,32.0,0 days 00:01:37.563000,HARD,3.0,2.0,True,97.563
HAM,33.0,0 days 00:01:37.549000,HARD,3.0,3.0,True,97.549
HAM,34.0,0 days 00:01:38.135000,HARD,3.0,4.0,True,98.135
HAM,35.0,0 days 00:01:36.831000,HARD,3.0,5.0,True,96.831
HAM,36.0,0 days 00:01:36.546000,HARD,3.0,6.0,True,96.546
HAM,37.0,0 days 00:01:37.388000,HARD,3.0,7.0,True,97.388
HAM,38.0,0 days 00:01:38.304000,HARD,3.0,8.0,True,98.304
HAM,39.0,0 days 00:01:37.478000,HARD,3.0,9.0,True,97.478
HAM,40.0,0 days 00:01:37.494000,HARD,3.0,10.0,True,97.494
HAM,42.0,0 days 00:01:37.061000,HARD,3.0,12.0,True,97.061
HAM,43.0,0 days 00:01:37.111000,HARD,3.0,13.0,True,97.111
HAM,44.0,0 days 00:01:37.048000,HARD,3.0,14.0,True,97.048
HAM,45.0,0 days 00:01:37.661000,HARD,3.0,15.0,True,97.661
HAM,46.0,0 days 00:01:37.779000,HARD,3.0,16.0,True,97.779
HAM,47.0,0 days 00:01:38.517000,HARD,3.0,17.0,True,98.517
HAM,48.0,0 days 00:01:37.844000,HARD,3.0,18.0,True,97.844
HAM,49.0,0 days 00:01:37.954000,HARD,3.0,19.0,True,97.954
HAM,50.0,0 days 00:01:37.770000,HARD,3.0,20.0,True,97.77
HAM,51.0,0 days 00:01:38.014000,HARD,3.0,21.0,True,98.014
HAM,52.0,0 days 00:01:37.803000,HARD,3.0,22.0,True,97.803
HAM,53.0,0 days 00:01:37.988000,HARD,3.0,23.0,True,97.988
HAM,54.0,0 days 00:01:38.076000,HARD,3.0,24.0,True,98.076
HAM,55.0,0 days 00:01:37.955000,HARD,3.0,25.0,True,97.955
HAM,56.0,0 days 00:01:38.111000,HARD,3.0,26.0,True,98.111
HAM,57.0,0 days 00:01:38.255000,HARD,3.0,27.0,True,98.255
SAI,2.0,0 days 00:01:38.933000,SOFT,1.0,5.0,True,98.933
SAI,3.0,0 days 00:01:39.042000,SOFT,1.0,6.0,True,99.042
SAI,4.0,0 days 00:01:38.985000,SOFT,1.0,7.0,True,98.985
SAI,5.0,0 days 00:01:39.128000,SOFT,1.0,8.0,True,99.128
SAI,6.0,0 days 00:01:39.474000,SOFT,1.0,9.0,True,99.474
SAI,7.0,0 days 00:01:39.502000,SOFT,1.0,10.0,True,99.502
SAI,8.0,0 days 00:01:39.779000,SOFT,1.0,11.0,True,99.779
SAI,9.0,0 days 00:01:39.744000,SOFT,1.0,12.0,True,99.744
SAI,10.0,0 days 00:01:40.102000,SOFT,1.0,13.0,True,100.102
SAI,11.0,0 days 00:01:40.507000,SOFT,1.0,14.0,True,100.507
SAI,12.0,0 days 00:01:40.520000,SOFT,1.0,15.0,True,100.52
SAI,15.0,0 days 00:01:37.985000,HARD,2.0,2.0,True,97.985
SAI,16.0,0 days 00:01:38.433000,HARD,2.0,3.0,True,98.433
SAI,17.0,0 days 00:01:38.161000,HARD,2.0,4.0,True,98.161
SAI,18.0,0 days 00:01:38.287000,HARD,2.0,5.0,True,98.287
SAI,19.0,0 days 00:01:38.210000,HARD,2.0,6.0,True,98.21
SAI,20.0,0 days 00:01:38.096000,HARD,2.0,7.0,True,98.096
SAI,21.0,0 days 00:01:38.240000,HARD,2.0,8.0,True,98.24
SAI,22.0,0 days 00:01:38.453000,HARD,2.0,9.0,True,98.453
SAI,23.0,0 days 00:01:38.597000,HARD,2.0,10.0,True,98.597
SAI,24.0,0 days 00:01:38.314000,HARD,2.0,11.0,True,98.314
SAI,25.0,0 days 00:01:38.571000,HARD,2.0,12.0,True,98.571
SAI,26.0,0 days 00:01:38.331000,HARD,2.0,13.0,True,98.331
SAI,27.0,0 days 00:01:38.423000,HARD,2.0,14.0,True,98.423
SAI,28.0,0 days 00:01:38.474000,HARD,2.0,15.0,True,98.474
SAI,29.0,0 days 00:01:38.550000,HARD,2.0,16.0,True,98.55
SAI,30.0,0 days 00:01:38.601000,HARD,2.0,17.0,True,98.601
SAI,33.0,0 days 00:01:37.548000,HARD,3.0,2.0,True,97.548
SAI,34.0,0 days 00:01:37.475000,HARD,3.0,3.0,True,97.475
SAI,35.0,0 days 00:01:37.441000,HARD,3.0,4.0,True,97.441
SAI,36.0,0 days 00:01:37.706000,HARD,3.0,5.0,True,97.706
SAI,37.0,0 days 00:01:37.130000,HARD,3.0,6.0,True,97.13
SAI,38.0,0 days 00:01:37.444000,HARD,3.0,7.0,True,97.444
SAI,39.0,0 days 00:01:37.403000,HARD,3.0,8.0,True,97.403
SAI,40.0,0 days 00:01:37.587000,HARD,3.0,9.0,True,97.587
SAI,42.0,0 days 00:01:37.375000,HARD,3.0,11.0,True,97.375
SAI,43.0,0 days 00:01:37.294000,HARD,3.0,12.0,True,97.294
SAI,44.0,0 days 00:01:37.389000,HARD,3.0,13.0,True,97.389
SAI,45.0,0 days 00:01:39.561000,HARD,3.0,14.0,True,99.561
SAI,46.0,0 days 00:01:37.844000,HARD,3.0,15.0,True,97.844
SAI,47.0,0 days 00:01:38.222000,HARD,3.0,16.0,True,98.222
SAI,48.0,0 days 00:01:37.897000,HARD,3.0,17.0,True,97.897
SAI,49.0,0 days 00:01:37.765000,HARD,3.0,18.0,True,97.765
SAI,50.0,0 days 00:01:37.604000,HARD,3.0,19.0,True,97.604
SAI,51.0,0 days 00:01:37.672000,HARD,3.0,20.0,True,97.672
SAI,52.0,0 days 00:01:37.490000,HARD,3.0,21.0,True,97.49
SAI,53.0,0 days 00:01:37.660000,HARD,3.0,22.0,True,97.66
SAI,54.0,0 days 00:01:37.694000,HARD,3.0,23.0,True,97.694
SAI,55.0,0 days 00:01:37.821000,HARD,3.0,24.0,True,97.821
SAI,56.0,0 days 00:01:38.126000,HARD,3.0,25.0,True,98.126
SAI,57.0,0 days 00:01:38.021000,HARD,3.0,26.0,True,98.021
RUS,2.0,0 days 00:01:39.590000,SOFT,1.0,5.0,True,99.59
RUS,3.0,0 days 00:01:39.093000,SOFT,1.0,6.0,True,99.093
RUS,4.0,0 days 00:01:39.261000,SOFT,1.0,7.0,True,99.261
RUS,5.0,0 days 00:01:39.549000,SOFT,1.0,8.0,True,99.549
RUS,6.0,0 days 00:01:39.493000,SOFT,1.0,9.0,True,99.493
RUS,7.0,0 days 00:01:40.056000,SOFT,1.0,10.0,True,100.056
RUS,8.0,0 days 00:01:40.310000,SOFT,1.0,11.0,True,100.31
RUS,9.0,0 days 00:01:40.420000,SOFT,1.0,12.0,True,100.42
RUS,10.0,0 days 00:01:40.532000,SOFT,1.0,13.0,True,100.532
RUS,11.0,0 days 00:01:41.085000,SOFT,1.0,14.0,True,101.085
RUS,12.0,0 days 00:01:41.112000,SOFT,1.0,15.0,True,101.112
RUS,15.0,0 days 00:01:37.460000,HARD,2.0,2.0,True,97.46
RUS,16.0,0 days 00:01:37.833000,HARD,2.0,3.0,True,97.833
RUS,17.0,0 days 00:01:38.604000,HARD,2.0,4.0,True,98.604
RUS,18.0,0 days 00:01:38.427000,HARD,2.0,5.0,True,98.427
RUS,19.0,0 days 00:01:38.512000,HARD,2.0,6.0,True,98.512
RUS,20.0,0 days 00:01:38.578000,HARD,2.0,7.0,True,98.578
RUS,21.0,0 days 00:01:38.555000,HARD,2.0,8.0,True,98.555
RUS,22.0,0 days 00:01:38.438000,HARD,2.0,9.0,True,98.438
RUS,23.0,0 days 00:01:38.773000,HARD,2.0,10.0,True,98.773
RUS,24.0,0 days 00:01:38.643000,HARD,2.0,11.0,True,98.643
RUS,25.0,0 days 00:01:38.487000,HARD,2.0,12.0,True,98.487
RUS,26.0,0 days 00:01:38.462000,HARD,2.0,13.0,True,98.462
RUS,27.0,0 days 00:01:38.625000,HARD,2.0,14.0,True,98.625
RUS,28.0,0 days 00:01:38.448000,HARD,2.0,15.0,True,98.448
RUS,29.0,0 days 00:01:38.792000,HARD,2.0,16.0,True,98.792
RUS,30.0,0 days 00:01:38.541000,HARD,2.0,17.0,True,98.541
RUS,33.0,0 days 00:01:37.221000,HARD,3.0,2.0,True,97.221
RUS,34.0,0 days 00:01:37.311000,HARD,3.0,3.0,True,97.311
RUS,35.0,0 days 00:01:37.592000,HARD,3.0,4.0,True,97.592
RUS,36.0,0 days 00:01:37.607000,HARD,3.0,5.0,True,97.607
RUS,37.0,0 days 00:01:37.822000,HARD,3.0,6.0,True,97.822
RUS,38.0,0 days 00:01:37.660000,HARD,3.0,7.0,True,97.66
RUS,39.0,0 days 00:01:37.495000,HARD,3.0,8.0,True,97.495
RUS,42.0,0 days 00:01:37.035000,HARD,3.0,11.0,True,97.035
RUS,43.0,0 days 00:01:37.480000,HARD,3.0,12.0,True,97.48
RUS,44.0,0 days 00:01:37.597000,HARD,3.0,13.0,True,97.597
RUS,45.0,0 days 00:01:37.316000,HARD,3.0,14.0,True,97.316
RUS,46.0,0 days 00:01:37.571000,HARD,3.0,15.0,True,97.571
RUS,47.0,0 days 00:01:37.432000,HARD,3.0,16.0,True,97.432
RUS,48.0,0 days 00:01:37.520000,HARD,3.0,17.0,True,97.52
RUS,49.0,0 days 00:01:37.718000,HARD,3.0,18.0,True,97.718
RUS,50.0,0 days 00:01:37.383000,HARD,3.0,19.0,True,97.383
RUS,51.0,0 days 00:01:37.825000,HARD,3.0,20.0,True,97.825
RUS,52.0,0 days 00:01:37.589000,HARD,3.0,21.0,True,97.589
RUS,53.0,0 days 00:01:37.841000,HARD,3.0,22.0,True,97.841
RUS,54.0,0 days 00:01:37.923000,HARD,3.0,23.0,True,97.923
RUS,55.0,0 days 00:01:37.860000,HARD,3.0,24.0,True,97.86
RUS,56.0,0 days 00:01:37.636000,HARD,3.0,25.0,True,97.636
RUS,57.0,0 days 00:01:37.767000,HARD,3.0,26.0,True,97.767
BOT,2.0,0 days 00:01:39.956000,SOFT,1.0,2.0,True,99.956
BOT,3.0,0 days 00:01:39.397000,SOFT,1.0,3.0,True,99.397
BOT,4.0,0 days 00:01:39.823000,SOFT,1.0,4.0,True,99.823
BOT,5.0,0 days 00:01:41.033000,SOFT,1.0,5.0,True,101.033
BOT,6.0,0 days 00:01:40.265000,SOFT,1.0,6.0,True,100.265
BOT,7.0,0 days 00:01:40.564000,SOFT,1.0,7.0,True,100.564
BOT,8.0,0 days 00:01:40.387000,SOFT,1.0,8.0,True,100.387
BOT,9.0,0 days 00:01:40.275000,SOFT,1.0,9.0,True,100.275
BOT,10.0,0 days 00:01:40.676000,SOFT,1.0,10.0,True,100.676
BOT,13.0,0 days 00:01:38.030000,HARD,2.0,2.0,True,98.03
BOT,14.0,0 days 00:01:38.098000,HARD,2.0,3.0,True,98.098
BOT,15.0,0 days 00:01:38.851000,HARD,2.0,4.0,True,98.851
BOT,16.0,0 days 00:01:38.494000,HARD,2.0,5.0,True,98.494
BOT,17.0,0 days 00:01:39.973000,HARD,2.0,6.0,True,99.973
BOT,18.0,0 days 00:01:40.240000,HARD,2.0,7.0,True,100.24
BOT,19.0,0 days 00:01:39.497000,HARD,2.0,8.0,True,99.497
BOT,20.0,0 days 00:01:40.442000,HARD,2.0,9.0,True,100.442
BOT,21.0,0 days 00:01:39.355000,HARD,2.0,10.0,True,99.355
BOT,22.0,0 days 00:01:39.356000,HARD,2.0,11.0,True,99.356
BOT,23.0,0 days 00:01:39.311000,HARD,2.0,12.0,True,99.311
BOT,24.0,0 days 00:01:39.427000,HARD,2.0,13.0,True,99.427
BOT,25.0,0 days 00:01:39.490000,HARD,2.0,14.0,True,99.49
BOT,26.0,0 days 00:01:39.500000,HARD,2.0,15.0,True,99.5
BOT,27.0,0 days 00:01:39.287000,HARD,2.0,16.0,True,99.287
BOT,28.0,0 days 00:01:39.016000,HARD,2.0,17.0,True,99.016
BOT,31.0,0 days 00:01:37.379000,HARD,3.0,2.0,True,97.379
BOT,32.0,0 days 00:01:37.675000,HARD,3.0,3.0,True,97.675
BOT,33.0,0 days 00:01:37.775000,HARD,3.0,4.0,True,97.775
BOT,34.0,0 days 00:01:37.774000,HARD,3.0,5.0,True,97.774
BOT,35.0,0 days 00:01:37.817000,HARD,3.0,6.0,True,97.817
BOT,36.0,0 days 00:01:37.827000,HARD,3.0,7.0,True,97.827
BOT,37.0,0 days 00:01:37.774000,HARD,3.0,8.0,True,97.774
BOT,38.0,0 days 00:01:37.658000,HARD,3.0,9.0,True,97.658
BOT,39.0,0 days 00:01:37.784000,HARD,3.0,10.0,True,97.784
BOT,42.0,0 days 00:01:37.736000,HARD,3.0,13.0,True,97.736
BOT,43.0,0 days 00:01:37.813000,HARD,3.0,14.0,True,97.813
BOT,44.0,0 days 00:01:37.868000,HARD,3.0,15.0,True,97.868
BOT,45.0,0 days 00:01:37.688000,HARD,3.0,16.0,True,97.688
BOT,46.0,0 days 00:01:37.830000,HARD,3.0,17.0,True,97.83
BOT,47.0,0 days 00:01:37.815000,HARD,3.0,18.0,True,97.815
BOT,48.0,0 days 00:01:37.500000,HARD,3.0,19.0,True,97.5
BOT,49.0,0 days 00:01:37.850000,HARD,3.0,20.0,True,97.85
BOT,50.0,0 days 00:01:37.710000,HARD,3.0,21.0,True,97.71
BOT,51.0,0 days 00:01:37.816000,HARD,3.0,22.0,True,97.816
BOT,52.0,0 days 00:01:37.947000,HARD,3.0,23.0,True,97.947
BOT,53.0,0 days 00:01:37.856000,HARD,3.0,24.0,True,97.856
BOT,54.0,0 days 00:01:37.738000,HARD,3.0,25.0,True,97.738
BOT,55.0,0 days 00:01:37.807000,HARD,3.0,26.0,True,97.807
BOT,56.0,0 days 00:01:38.160000,HARD,3.0,27.0,True,98.16
BOT,57.0,0 days 00:01:38.407000,HARD,3.0,28.0,True,98.407
PIA,2.0,0 days 00:01:40.830000,SOFT,1.0,2.0,True,100.83
PIA,3.0,0 days 00:01:40.691000,SOFT,1.0,3.0,True,100.691
PIA,4.0,0 days 00:01:40.718000,SOFT,1.0,4.0,True,100.718
PIA,5.0,0 days 00:01:40.862000,SOFT,1.0,5.0,True,100.862
PIA,6.0,0 days 00:01:41.111000,SOFT,1.0,6.0,True,101.111
PIA,7.0,0 days 00:01:41.167000,SOFT,1.0,7.0,True,101.167
PIA,8.0,0 days 00:01:41.295000,SOFT,1.0,8.0,True,101.295
PIA,9.0,0 days 00:01:41.534000,SOFT,1.0,9.0,True,101.534
PIA,10.0,0 days 00:01:41.584000,SOFT,1.0,10.0,True,101.584
PIA,11.0,0 days 00:01:41.352000,SOFT,1.0,11.0,True,101.352
PIA,12.0,0 days 00:01:41.156000,SOFT,1.0,12.0,True,101.156
